,Patient,Cohort,Gender,Age,Race,OS,OS_FLAG,PFS,PFS_FLAG,Primary,Location,Laterality,CMS_predicted,BRAF_status_binary,KRAS_status
GSM5889737,SAAAGV,PRJNA805525,M,57.62080767,White,1398.9268507166669,0.0,283.78230398166664,1.0,Primary,Left,Left,CMS2,Wt,Wild Type
GSM5889743,SAAAUS,PRJNA805525,M,64.53114305,White,667.4879544083333,1.0,269.79303548666667,1.0,Primary,Right,Right,CMS4,Wt,Wild Type
GSM5889750,SAABBH,PRJNA805525,M,48.55304586,White,1015.2212002291666,1.0,342.73707837083333,1.0,Primary,Left,Left,CMS2,Wt,Wild Type
GSM5889757,SAABLP,PRJNA805525,M,66.99794661,African American,1035.2058694208329,1.0,240.81526500666664,1.0,Primary,Left,Left,CMS4,Wt,Wild Type
GSM5889760,SAABMZ,PRJNA805525,F,55.9835729,White,29.97700393958333,1.0,21.983136232500005,1.0,Primary,Right,Right,Unc,M,Wild Type
GSM5889771,SAACJP,PRJNA805525,F,30.60095825,White,1676.713753758333,0.0,370.71561530000014,0.0,Primary,Left,Left,CMS2,Wt,Wild Type
GSM5889781,SAACXT,PRJNA805525,M,41.49760438,White,849.3484449041664,0.0,646.5040517875,1.0,Primary,Left,Left,CMS2,Wt,Wild Type
GSM5889784,SAADBE,PRJNA805525,M,61.01300479,White,1252.0395314583334,1.0,651.5002189333335,1.0,Primary,Left,Left,CMS2,Wt,Wild Type
GSM5889785,SAADTK,PRJNA805525,M,58.36550308,Unknown,1779.6348006125004,1.0,280.7846036029166,1.0,Primary,Right,Right,CMS4,Wt,Mutant
GSM5889802,SAAETU,PRJNA805525,M,65.8973306,African American,1090.1637101541671,1.0,579.5554096,1.0,Primary,Right,Right,CMS3,Wt,Mutant
GSM5889823,SAAKTY,PRJNA805525,M,63.53456537,White,390.7002847958333,1.0,390.7002847958333,1.0,Primary,Right,Right,CMS4,Wt,Wild Type
GSM5889824,SAAKTZ,PRJNA805525,M,61.98767967,White,988.2418967291665,1.0,246.8106657945833,1.0,Primary,Left,Left,Unc,Wt,Mutant
GSM5889837,SAANEC,PRJNA805525,M,65.24298426,White,941.2779237333332,1.0,336.7416774916667,1.0,Primary,Left,Left,CMS1,Wt,Mutant
GSM5889838,SAANEG,PRJNA805525,M,73.19370294,White,190.85359175375,1.0,55.95707404083334,1.0,Primary,Left,Left,CMS3,Wt,Wild Type
GSM5889843,SAANHX,PRJNA805525,M,65.02395619,White,312.76007458333333,1.0,59.95400787916669,1.0,Primary,Left,Left,CMS1,Wt,Wild Type
GSM5889858,SAANMW,PRJNA805525,F,77.53319644,White,58.95477441958334,1.0,58.95477441958334,1.0,Primary,Right,Right,Unc,M,Wild Type
GSM5890281,SAAPHR,PRJNA805525,M,62.12183436,White,520.60063515,1.0,246.8106657945833,1.0,Primary,Unknown,,CMS4,Wt,Wild Type
GSM5889883,SAAPJB,PRJNA805525,F,46.38466804,White,308.7631405625001,1.0,131.8988173341667,1.0,Primary,Right,Right,CMS4,Wt,Wild Type
GSM5889885,SAAPJS,PRJNA805525,M,59.08829569,White,1542.8164696875,1.0,1225.0602276541665,1.0,Primary,Left,Left,Unc,Wt,Mutant
GSM5889913,SAAPTT,PRJNA805525,M,48.66803559,White,704.4595928083335,1.0,590.5469776250002,1.0,Primary,Left,Left,CMS2,Wt,Wild Type
GSM5889914,SAAPTV,PRJNA805525,M,60.49828884,White,767.4113009749999,1.0,117.90954883916667,1.0,Primary,Left,Left,CMS1,Wt,Wild Type
GSM5889917,SAAPUA,PRJNA805525,M,43.37029432,White,277.78690319375005,1.0,59.95400787916669,1.0,Primary,Right,Right,CMS1,Wt,Mutant
GSM5889918,SAAPUC,PRJNA805525,F,46.45037645,White,271.79150240583334,1.0,148.88578623833334,1.0,Primary,Left,Left,CMS4,Wt,Mutant
GSM5889923,SAAPVL,PRJNA805525,F,59.66872006,African American,1735.668528208333,1.0,1735.668528208333,1.0,Primary,Right,Right,CMS4,Wt,Mutant
GSM5889927,SAARCS,PRJNA805525,M,41.65639973,White,434.6665572,1.0,434.6665572,1.0,Primary,Left,Left,CMS1,Wt,Mutant
GSM5890283,SAARDE,PRJNA805525,M,54.770705,American Indian or Alaska Native,915.2978536625,1.0,796.3890713333334,1.0,Primary,Left,Left,Unc,Wt,Wild Type
GSM5889932,SAAREH,PRJNA805525,F,37.52224504,White,1208.07325875,1.0,361.7225141333333,1.0,Primary,Transverse,,CMS2,Wt,Mutant
GSM5889939,SAAREW,PRJNA805525,F,46.38193019,White,1226.0594613874996,1.0,572.5607752916665,1.0,Primary,Left,Left,CMS2,Wt,Wild Type
GSM5889946,SAARFM,PRJNA805525,F,73.5742642,Unknown,915.2978536625,1.0,457.6489269833333,1.0,Primary,Right,Right,CMS4,M,Wild Type
GSM5889952,SAARGG,PRJNA805525,M,53.11704312,White,1303.9996715999996,1.0,463.6443275583332,1.0,Primary,Left,Left,CMS4,Wt,Wild Type
GSM5889953,SAARGM,PRJNA805525,F,41.83709788,White,942.2771571625,1.0,392.6987516541665,1.0,Primary,Left,Left,CMS4,Wt,Wild Type
GSM5889969,SAARIE,PRJNA805525,F,56.66255989,White,454.65122639166674,1.0,221.8298291833333,1.0,Primary,Right,Right,CMS4,Wt,Wild Type
GSM5889971,SAARIG,PRJNA805525,M,42.16837782,White,1262.031866054167,1.0,1027.2120016833337,1.0,Primary,Unknown,,CMS4,Wt,Wild Type
GSM5890006,SAARMK,PRJNA805525,M,62.31622177,White,226.82599651166663,1.0,61.95247482875,1.0,Primary,Unknown,,CMS4,M,Wild Type
GSM5890008,SAARMP,PRJNA805525,M,65.25667351,African American,968.2572272333332,1.0,453.65199296250006,1.0,Primary,Left,Left,CMS2,M,Wild Type
GSM5890011,SAARMU,PRJNA805525,F,68.70910335,White,147.88655277874997,1.0,50.96090671249999,1.0,Primary,Right,Right,CMS1,M,Wild Type
GSM5890018,SAARPI,PRJNA805525,F,55.98631075,White,347.73324582083336,1.0,153.88195356666668,1.0,Primary,Left,Left,CMS1,Wt,Wild Type
GSM5890019,SAARPJ,PRJNA805525,F,50.28062971,White,1200.0793913166665,1.0,230.82293035,1.0,Primary,Left,Left,CMS3,Wt,Wild Type
GSM5890023,SAARPW,PRJNA805525,M,67.57563313,White,1980.480727175,0.0,489.62439762916665,1.0,Primary,Left,Left,CMS2,Wt,Wild Type
GSM5890033,SAARRY,PRJNA805525,M,76.33675565,White,181.8604905870833,1.0,58.95477441958334,1.0,Primary,Left,Left,CMS4,Wt,Wild Type
GSM5890035,SAARSB,PRJNA805525,F,61.3798768,African American,608.5331799583333,1.0,168.87045555166662,1.0,Primary,Transverse,,CMS2,Wt,Wild Type
GSM5890036,SAARSI,PRJNA805525,M,56.24640657,White,1081.1706089874997,1.0,433.66732377083326,1.0,Primary,Right,Right,CMS2,Wt,Wild Type
GSM5890042,SAARTF,PRJNA805525,M,64.20807666,White,779.4021024291666,1.0,779.4021024291666,1.0,Primary,Right,Right,CMS2,Wt,Wild Type
GSM5890046,SAARTM,PRJNA805525,M,46.66119097,White,879.3254489958333,1.0,387.7025842041667,1.0,Primary,Left,Left,CMS3,Wt,Wild Type
GSM5890048,SAARTW,PRJNA805525,F,72.45174538,White,931.2855891375,1.0,208.8397941175,1.0,Primary,Left,Left,CMS2,Wt,Wild Type
GSM5890061,SAARVI,PRJNA805525,M,62.52977413,White,1859.5734779875,0.0,397.69491910416673,1.0,Primary,Left,Left,CMS2,Wt,Wild Type
GSM5890064,SAARVW,PRJNA805525,F,49.67282683,White,1106.1514456291668,1.0,539.5860709125002,1.0,Primary,Left,Left,CMS2,Wt,Wild Type
GSM5890066,SAARWJ,PRJNA805525,M,66.40930869,White,805.3821724999998,1.0,392.6987516541665,1.0,Primary,Left,Left,CMS2,Wt,Wild Type
GSM5890068,SAARZR,PRJNA805525,M,44.24640657,White,262.79840123916665,1.0,262.79840123916665,1.0,Primary,Left,Left,CMS4,M,Wild Type
GSM5890074,SAASAJ,PRJNA805525,M,74.10814511,White,330.74627691666666,1.0,189.85435829416667,1.0,Primary,Right,Right,CMS1,M,Wild Type
GSM5890075,SAASAK,PRJNA805525,F,44.59685147,White,1831.5949407541668,0.0,1613.762045591667,0.0,Primary,Right,Right,CMS1,M,Wild Type
GSM5890080,SAASBD,PRJNA805525,M,44.47912389,White,1212.0701927708335,0.0,648.5025186458331,1.0,Primary,Left,Left,CMS2,Wt,Wild Type
GSM5890084,SAASBK,PRJNA805525,M,73.02395619,African American,794.390604475,1.0,794.390604475,1.0,Primary,Left,Left,CMS2,Wt,Wild Type
GSM5890097,SAASDC,PRJNA805525,M,56.92265572,White,1565.7988391666668,0.0,1559.8034385916665,1.0,Primary,Left,Left,CMS4,Wt,Wild Type
GSM5890100,SAASDM,PRJNA805525,M,52.13141684,White,1467.8739597625,1.0,879.3254489958333,1.0,Primary,Left,Left,CMS2,Wt,Wild Type
GSM5890106,SAASEG,PRJNA805525,M,75.60301164,White,344.7355452291667,1.0,291.77617171916665,1.0,Primary,Right,Right,CMS4,M,Wild Type
GSM5890108,SAASER,PRJNA805525,M,83.06365503,White,13.989268494999996,1.0,13.989268494999996,1.0,Primary,Left,Left,CMS4,Wt,Wild Type
GSM5890112,SAASFY,PRJNA805525,M,43.85763176,African American,1533.8233685208334,0.0,384.70488391666674,1.0,Primary,Left,Left,CMS2,Wt,Wild Type
GSM5890116,SAASGN,PRJNA805525,M,68.89527721,White,1130.1330485375,1.0,303.766973295,1.0,Primary,Right,Right,CMS1,Wt,Wild Type
GSM5890140,SAASMB,PRJNA805525,M,53.61533196,White,596.5423785041664,1.0,385.7041173458333,1.0,Primary,Transverse,,CMS4,Wt,Mutant
GSM5890155,SAATDS,PRJNA805525,M,55.76180698,,570.5623084333333,1.0,355.72711355833326,1.0,Primary,Right,Right,CMS4,Wt,Wild Type
GSM5890175,SABDRY,PRJNA805525,F,78.77344285,White,2613.994743775,0.0,336.7416774916667,1.0,Primary,Right,Right,CMS2,Wt,Mutant
GSM5890188,SABDXV,PRJNA805525,F,59.57289528,White,1090.1637101541671,0.0,1090.1637101541671,0.0,Primary,Left,Left,Unc,Wt,Wild Type
GSM5890191,SABDYS,PRJNA805525,F,58.89390828,White,1335.9751422458337,0.0,347.73324582083336,1.0,Primary,Right,Right,CMS4,Wt,Wild Type
GSM5890197,SABECT,PRJNA805525,M,62.38466804,White,1697.697656683334,0.0,409.6857205583333,1.0,Primary,Right,Right,Unc,Wt,Wild Type
GSM5890201,SABEDZ,PRJNA805525,M,61.71663244,White,546.5807052208334,1.0,437.66425748750015,1.0,Primary,Right,Right,CMS4,Wt,Wild Type
GSM5890225,SABELS,PRJNA805525,F,61.25393566,White,347.73324582083336,1.0,230.82293035,1.0,Primary,Right,Right,CMS4,Wt,Wild Type
GSM5890230,SABENW,PRJNA805525,M,73.25667351,White,685.4741567416667,1.0,162.87505476375,1.0,Primary,Right,Right,CMS2,Wt,Wild Type
GSM5890238,SABESH,PRJNA805525,M,68.3559206,White,1713.6853921583331,1.0,914.2986202333336,1.0,Primary,Left,Left,CMS3,Wt,Mutant
GSM5890250,SABEYK,PRJNA805525,M,64.20533881,African American,1884.5543146291668,0.0,540.5853043416666,0.0,Primary,Left,Left,CMS3,Wt,Mutant
GSM5890265,SABMHM,PRJNA805525,F,39.2881588,,1395.929150125,0.0,591.5462110541666,1.0,Primary,Left,Left,CMS4,Wt,Wild Type
GSM5890272,SACGZV,PRJNA805525,M,68.44079398,White,895.3131844708333,0.0,726.4427288583333,1.0,Primary,Transverse,,CMS2,Wt,Wild Type
GSM5890276,SACHCZ,PRJNA805525,M,70.74332649,African American,490.6236310583333,1.0,240.81526500666664,1.0,Primary,Left,Left,CMS4,Wt,Wild Type
GSM5889740,SAAAME,PRJNA805525,M,66.63655031,White,1321.9858739333329,1.0,332.744743775,1.0,Primary,Left,Left,CMS4,Wt,Wild Type
GSM5889815,SAAHCH,PRJNA805525,F,50.0698152,White,2346.2001753291665,0.0,569.5630750041668,1.0,Primary,Right,Right,CMS1,M,Wild Type
GSM5889964,SAARHR,PRJNA805525,F,72.42984257,White,645.5048183583334,1.0,438.6634909166667,1.0,Primary,Left,Left,CMS1,Wt,Wild Type
GSM5889984,SAARJS,PRJNA805525,M,51.50444901,White,588.5485107666666,1.0,386.703350775,1.0,Primary,Left,Left,Unc,Wt,Undetermined
GSM5889996,SAARLF,PRJNA805525,M,63.02532512,White,262.79840123916665,1.0,213.83596144583333,1.0,Primary,Right,Right,CMS1,M,Wild Type
GSM5890081,SAASBE,PRJNA805525,M,52.93634497,White,920.2940211125,1.0,12.99003503541667,1.0,Primary,Left,Left,CMS2,Wt,Wild Type
GSM5890082,SAASBF,PRJNA805525,M,59.41136208,White,325.7501094666667,1.0,228.82446343083336,1.0,Primary,Right,Right,CMS4,Wt,Wild Type
GSM5890113,SAASFZ,PRJNA805525,M,69.35797399,White,752.4227989291667,1.0,669.4864212666664,1.0,Primary,Left,Left,CMS4,Wt,Wild Type
GSM5890119,SAASHH,PRJNA805525,M,48.45448323,African American,845.3515111874998,1.0,173.86662288,1.0,Primary,Multiple,,CMS3,Wt,Wild Type
GSM5890185,SABDXC,PRJNA805525,F,54.41752225,White,1243.0464302916666,1.0,1243.0464302916666,1.0,Primary,Left,Left,Unc,Wt,Wild Type
GSM5890227,SABEMI,PRJNA805525,M,49.05954826,White,793.3913710458331,1.0,286.7800043908333,1.0,Primary,Right,Right,CMS2,Wt,Mutant
GSM5889844,SAANIK,PRJNA805525,M,63.72073922,White,186.85665791541663,1.0,67.94787561666666,1.0,Primary,Left,Left,CMS3,Wt,Mutant
GSM5889994,SAARLC,PRJNA805525,F,60.76659822,White,1854.5773105375,1.0,499.61673252916665,1.0,Primary,Left,Left,CMS4,Wt,Wild Type
GSM5890022,SAARPS,PRJNA805525,M,38.52977413,White,1569.7957731875,1.0,220.83059572375,1.0,Primary,Left,Left,CMS3,Wt,Wild Type
GSM5890037,SAARSM,PRJNA805525,F,67.76180698,,319.7547085875001,1.0,110.91491459166669,1.0,Primary,Right,Right,Unc,Wt,Wild Type
GSM5890094,SAASCT,PRJNA805525,M,53.86995209,White,1696.6984232541663,0.0,1690.7030223749996,1.0,Primary,Left,Left,CMS2,Wt,Wild Type
GSM5890242,SABEVP,PRJNA805525,F,76.07392197,African American,51.96014017208333,1.0,51.96014017208333,1.0,Primary,Right,Right,CMS2,Wt,Mutant
GSM5890266,SABMKA,PRJNA805525,M,58.091718,White,170.86892247083333,1.0,64.9501752075,1.0,Primary,Right,Right,CMS1,M,Wild Type
GSM5890267,SABMZT,PRJNA805525,F,41.97672827,Asian,740.431997475,0.0,740.431997475,0.0,Primary,Left,Left,CMS4,Wt,Wild Type
GSM5890270,SACEZD,PRJNA805525,M,52.84873374,White,751.4235655,1.0,396.69568537083336,1.0,Primary,Right,Right,CMS3,Wt,Wild Type
GSM5889736,SAAAGP,PRJNA805525,M,54.60643395,White,756.4197329499998,1.0,306.7646737041667,1.0,Primary,Left,Left,CMS1,Wt,Wild Type
GSM5889741,SAAAUD,PRJNA805525,F,53.34154689,White,1308.9958387458332,1.0,279.7853701433333,1.0,Primary,Left,Left,CMS3,Wt,Wild Type
GSM5889748,SAAAYX,PRJNA805525,M,58.88295688,White,661.4925535291667,1.0,661.4925535291667,1.0,Primary,Left,Left,CMS2,Wt,Wild Type
GSM5889749,SAABAZ,PRJNA805525,M,57.79876797,White,929.2871222791669,1.0,789.3944370250001,1.0,Primary,Left,Left,CMS4,Wt,Wild Type
GSM5889758,SAABLZ,PRJNA805525,F,56.53935661,White,713.452693975,0.0,713.452693975,0.0,Primary,Left,Left,CMS4,Wt,Wild Type
GSM5889766,SAABPT,PRJNA805525,M,46.02327173,American Indian or Alaska Native,1370.9483137875004,0.0,1010.2250327791668,1.0,Primary,Transverse,,CMS2,Wt,Wild Type
GSM5889788,SAAEFT,PRJNA805525,F,72.83504449,Asian,330.74627691666666,1.0,330.74627691666666,1.0,Primary,Right,Right,CMS4,Wt,Wild Type
GSM5889864,SAANSH,PRJNA805525,F,64.59685147,White,1026.2127682541666,1.0,506.61136653333335,1.0,Primary,Transverse,,Unc,Wt,Mutant
GSM5889869,SAANZG,PRJNA805525,F,64.25188227,White,409.6857205583333,1.0,107.9172141825,1.0,Primary,Right,Right,CMS1,M,Wild Type
GSM5889934,SAARER,PRJNA805525,M,42.90759754,White,2006.4607972458327,0.0,702.4611256458332,1.0,Primary,Left,Left,CMS2,Wt,Wild Type
GSM5889941,SAARFA,PRJNA805525,M,51.08829569,White,381.70718362916665,1.0,264.7968681583333,1.0,Primary,Left,Left,CMS4,Wt,Wild Type
GSM5890009,SAARMR,PRJNA805525,F,47.42778919,White,2123.371112716666,0.0,658.4948532416666,1.0,Primary,Left,Left,Unc,M,Wild Type
GSM5890027,SAARRI,PRJNA805525,M,74.7761807,White,1089.1644767249998,1.0,612.5301139791667,1.0,Primary,Right,Right,CMS2,Wt,Wild Type
GSM5890087,SAASBT,PRJNA805525,F,75.75633128,White,590.5469776250002,1.0,124.90418308666666,1.0,Primary,Right,Right,CMS1,M,Wild Type
GSM5890088,SAASBV,PRJNA805525,F,67.70978782,White,374.7125493208335,1.0,181.8604905870833,1.0,Primary,Right,Right,CMS1,Wt,Wild Type
GSM5890089,SAASBX,PRJNA805525,M,57.51129363,White,1141.1246168666669,0.0,787.3959701666665,1.0,Primary,Left,Left,CMS2,Wt,Wild Type
GSM5890091,SAASCF,PRJNA805525,M,64.61054073,White,715.4511608333332,1.0,332.744743775,1.0,Primary,Left,Left,CMS2,Wt,Wild Type
GSM5890104,SAASDV,PRJNA805525,F,52.04380561,White,1636.7444153750002,0.0,680.4779895958333,1.0,Primary,Left,Left,CMS2,Wt,Wild Type
GSM5890115,SAASGJ,PRJNA805525,M,45.68925394,White,694.4672579083333,1.0,279.7853701433333,1.0,Primary,Left,Left,CMS1,M,Wild Type
GSM5890157,SAAUNR,PRJNA805525,M,64.08761123,White,336.7416774916667,1.0,195.8497590820833,1.0,Primary,Left,Left,CMS4,M,Wild Type
GSM5890183,SABDWP,PRJNA805525,M,69.16906229,White,1919.527485866667,0.0,1230.0563951041668,0.0,Primary,Left,Left,Unc,Wt,Mutant
GSM5890186,SABDXJ,PRJNA805525,M,52.44900753,White,356.7263469875,1.0,81.93714411166668,1.0,Primary,Left,Left,CMS1,M,Wild Type
GSM5890205,SABEFY,PRJNA805525,M,59.10198494,White,385.7041173458333,1.0,263.79763469875,1.0,Primary,Right,Right,CMS3,Wt,Wild Type
GSM5890210,SABEIM,PRJNA805525,F,59.02806297,White,136.8949846625,1.0,136.8949846625,1.0,Primary,Right,Right,CMS1,M,Mutant
GSM5890228,SABEML,PRJNA805525,M,48.31759069,White,1950.5037230833327,1.0,782.3998030208335,1.0,Primary,Left,Left,CMS2,Wt,Wild Type
GSM5890257,SABKBA,PRJNA805525,F,72.1615332,White,328.7478100583333,1.0,166.87198860208332,1.0,Primary,Right,Right,CMS4,M,Wild Type
